story_id,person,aliases,predicted_type,sentence_id,text,mention_count,word_count,text_prev,text_next,bert_context,is_primary_in_sentence
1,Tokoh-1,"['ibu', 'ibu ahmad', 'orang tua']",Protagonis,4,"setiap pagi , kedua orang tua ahmad dan muhammad pergi ke sawah , dan kedua anak itu ikut membantu mereka .",0.08695652173913045,0.2455621301775148,"Keluarga ini tinggal di sebuah gubuk tua , dan pekerjaan mereka sehari-hari adalah bercocok tanam di sebidang tanah yang tidak jauh dari rumah mereka .","Ahmad dan Muhammad adalah anak-anak yang berbudi luhur , ramah terhadap tetangga , serta penyayang terhadap binatang .","Keluarga ini tinggal di sebuah gubuk tua , dan pekerjaan mereka sehari-hari adalah bercocok tanam di sebidang tanah yang tidak jauh dari rumah mereka . [SEP] setiap pagi , kedua orang tua ahmad dan muhammad pergi ke sawah , dan kedua anak itu ikut membantu mereka . [SEP] Ahmad dan Muhammad adalah anak-anak yang berbudi luhur , ramah terhadap tetangga , serta penyayang terhadap binatang .",1
1,Tokoh-1,"['ibu', 'ibu ahmad', 'orang tua']",Protagonis,7,"setiap pagi , mereka membantu orang tua di sawah , dan pada sore hari mereka pergi mengaji .",0.08695652173913045,0.2455621301775148,"Oleh karena itu , orang-orang di kampung sangat menyayangi mereka .",Itulah rutinitas harian Ahmad dan Muhammad yang berlangsung dengan penuh ketekunan .,"Oleh karena itu , orang-orang di kampung sangat menyayangi mereka . [SEP] setiap pagi , mereka membantu orang tua di sawah , dan pada sore hari mereka pergi mengaji . [SEP] Itulah rutinitas harian Ahmad dan Muhammad yang berlangsung dengan penuh ketekunan .",1
1,Tokoh-1,"['ibu', 'ibu ahmad', 'orang tua']",Protagonis,17,"ayah mereka tersenyum dan berkata ayah tidak keberatan , tetapi sekarang ayah sedang sibuk menyiapkan tempat penyimpanan padi kita .",0.08695652173913045,0.2455621301775148,tanya Ahmad penuh antusias .,"Setelah itu selesai , Ayah akan buatkan sangkar untuk burung kalian . ''","tanya Ahmad penuh antusias . [SEP] ayah mereka tersenyum dan berkata ayah tidak keberatan , tetapi sekarang ayah sedang sibuk menyiapkan tempat penyimpanan padi kita . [SEP] Setelah itu selesai , Ayah akan buatkan sangkar untuk burung kalian . ''",0
1,Tokoh-1,"['ibu', 'ibu ahmad', 'orang tua']",Protagonis,29,"orang tua itu menjawab barang siapa yang memakan kepala burung ini , ia akan menjadi raja .",0.08695652173913045,0.2455621301775148,"Wak Pawang Merbuk bertanya Apakah tuah burung itu , dan siapa pemiliknya ? ''","Dan barang siapa yang memakan hatinya , ia akan menjadi menteri .","Wak Pawang Merbuk bertanya Apakah tuah burung itu , dan siapa pemiliknya ? '' [SEP] orang tua itu menjawab barang siapa yang memakan kepala burung ini , ia akan menjadi raja . [SEP] Dan barang siapa yang memakan hatinya , ia akan menjadi menteri .",1
1,Tokoh-1,"['ibu', 'ibu ahmad', 'orang tua']",Protagonis,53,"beberapa hari kemudian , ibu ahmad dan muhammad mengambil keputusan sendiri .",0.08695652173913045,0.2455621301775148,"Dengan penuh ambisi , Wak Pawang Merbuk pulang sambil membayangkan dirinya menjadi raja .","Saat kedua anaknya sedang pergi ke sawah , ia menangkap burung merbuk tersebut dan menyembelihnya .","Dengan penuh ambisi , Wak Pawang Merbuk pulang sambil membayangkan dirinya menjadi raja . [SEP] beberapa hari kemudian , ibu ahmad dan muhammad mengambil keputusan sendiri . [SEP] Saat kedua anaknya sedang pergi ke sawah , ia menangkap burung merbuk tersebut dan menyembelihnya .",1
1,Tokoh-1,"['ibu', 'ibu ahmad', 'orang tua']",Protagonis,62,"dengan wajah yang dibuat-buat sedih , ibu mereka berkata anak-anakku , burung kalian tadi dimakan oleh kucing .",0.08695652173913045,0.2455621301775148,"Setibanya di rumah , mereka langsung mencari burung kesayangan mereka .","Daripada terbuang sia-sia , ibu memotong dan memanggangnya . ''","Setibanya di rumah , mereka langsung mencari burung kesayangan mereka . [SEP] dengan wajah yang dibuat-buat sedih , ibu mereka berkata anak-anakku , burung kalian tadi dimakan oleh kucing . [SEP] Daripada terbuang sia-sia , ibu memotong dan memanggangnya . ''",1
1,Tokoh-1,"['ibu', 'ibu ahmad', 'orang tua']",Protagonis,63,"daripada terbuang sia-sia , ibu memotong dan memanggangnya . ''",0.08695652173913045,0.2455621301775148,"Dengan wajah yang dibuat-buat sedih , ibu mereka berkata Anak-anakku , burung kalian tadi dimakan oleh kucing .",Ahmad dan Muhammad hampir pingsan karena kesedihan .,"Dengan wajah yang dibuat-buat sedih , ibu mereka berkata Anak-anakku , burung kalian tadi dimakan oleh kucing . [SEP] daripada terbuang sia-sia , ibu memotong dan memanggangnya . '' [SEP] Ahmad dan Muhammad hampir pingsan karena kesedihan .",1
1,Tokoh-2,"['ayah', 'orang tua', 'pak ahmad']",Protagonis,4,"setiap pagi , kedua orang tua ahmad dan muhammad pergi ke sawah , dan kedua anak itu ikut membantu mereka .",0.20289855072463767,0.5443786982248521,"Keluarga ini tinggal di sebuah gubuk tua , dan pekerjaan mereka sehari-hari adalah bercocok tanam di sebidang tanah yang tidak jauh dari rumah mereka .","Ahmad dan Muhammad adalah anak-anak yang berbudi luhur , ramah terhadap tetangga , serta penyayang terhadap binatang .","Keluarga ini tinggal di sebuah gubuk tua , dan pekerjaan mereka sehari-hari adalah bercocok tanam di sebidang tanah yang tidak jauh dari rumah mereka . [SEP] setiap pagi , kedua orang tua ahmad dan muhammad pergi ke sawah , dan kedua anak itu ikut membantu mereka . [SEP] Ahmad dan Muhammad adalah anak-anak yang berbudi luhur , ramah terhadap tetangga , serta penyayang terhadap binatang .",1
1,Tokoh-2,"['ayah', 'orang tua', 'pak ahmad']",Protagonis,7,"setiap pagi , mereka membantu orang tua di sawah , dan pada sore hari mereka pergi mengaji .",0.20289855072463767,0.5443786982248521,"Oleh karena itu , orang-orang di kampung sangat menyayangi mereka .",Itulah rutinitas harian Ahmad dan Muhammad yang berlangsung dengan penuh ketekunan .,"Oleh karena itu , orang-orang di kampung sangat menyayangi mereka . [SEP] setiap pagi , mereka membantu orang tua di sawah , dan pada sore hari mereka pergi mengaji . [SEP] Itulah rutinitas harian Ahmad dan Muhammad yang berlangsung dengan penuh ketekunan .",1
1,Tokoh-2,"['ayah', 'orang tua', 'pak ahmad']",Protagonis,12,"dengan penuh kegembiraan , mereka segera pulang dan menunjukkan burung itu kepada ayah mereka .",0.20289855072463767,0.5443786982248521,"Burung merbuk tersebut sangat indah , dengan bulu yang berkilauan seperti emas .","`` Ayah , tadi ketika kami pulang mengaji , kami menangkap seekor burung merbuk yang sangat indah .","Burung merbuk tersebut sangat indah , dengan bulu yang berkilauan seperti emas . [SEP] dengan penuh kegembiraan , mereka segera pulang dan menunjukkan burung itu kepada ayah mereka . [SEP] `` Ayah , tadi ketika kami pulang mengaji , kami menangkap seekor burung merbuk yang sangat indah .",1
1,Tokoh-2,"['ayah', 'orang tua', 'pak ahmad']",Protagonis,13,"`` ayah , tadi ketika kami pulang mengaji , kami menangkap seekor burung merbuk yang sangat indah .",0.20289855072463767,0.5443786982248521,"Dengan penuh kegembiraan , mereka segera pulang dan menunjukkan burung itu kepada ayah mereka .",Bulu-bulunya berkilauan seperti emas .,"Dengan penuh kegembiraan , mereka segera pulang dan menunjukkan burung itu kepada ayah mereka . [SEP] `` ayah , tadi ketika kami pulang mengaji , kami menangkap seekor burung merbuk yang sangat indah . [SEP] Bulu-bulunya berkilauan seperti emas .",1
1,Tokoh-2,"['ayah', 'orang tua', 'pak ahmad']",Protagonis,15,bisakah ayah membuatkan sangkarnya ? '',0.20289855072463767,0.5443786982248521,Bulu-bulunya berkilauan seperti emas .,tanya Ahmad penuh antusias .,Bulu-bulunya berkilauan seperti emas . [SEP] bisakah ayah membuatkan sangkarnya ? '' [SEP] tanya Ahmad penuh antusias .,1
1,Tokoh-2,"['ayah', 'orang tua', 'pak ahmad']",Protagonis,17,"ayah mereka tersenyum dan berkata ayah tidak keberatan , tetapi sekarang ayah sedang sibuk menyiapkan tempat penyimpanan padi kita .",0.20289855072463767,0.5443786982248521,tanya Ahmad penuh antusias .,"Setelah itu selesai , Ayah akan buatkan sangkar untuk burung kalian . ''","tanya Ahmad penuh antusias . [SEP] ayah mereka tersenyum dan berkata ayah tidak keberatan , tetapi sekarang ayah sedang sibuk menyiapkan tempat penyimpanan padi kita . [SEP] Setelah itu selesai , Ayah akan buatkan sangkar untuk burung kalian . ''",1
1,Tokoh-2,"['ayah', 'orang tua', 'pak ahmad']",Protagonis,18,"setelah itu selesai , ayah akan buatkan sangkar untuk burung kalian . ''",0.20289855072463767,0.5443786982248521,"Ayah mereka tersenyum dan berkata Ayah tidak keberatan , tetapi sekarang Ayah sedang sibuk menyiapkan tempat penyimpanan padi kita .","`` Baiklah , Ayah jawab Ahmad dan Muhammad dengan patuh .","Ayah mereka tersenyum dan berkata Ayah tidak keberatan , tetapi sekarang Ayah sedang sibuk menyiapkan tempat penyimpanan padi kita . [SEP] setelah itu selesai , ayah akan buatkan sangkar untuk burung kalian . '' [SEP] `` Baiklah , Ayah jawab Ahmad dan Muhammad dengan patuh .",1
1,Tokoh-2,"['ayah', 'orang tua', 'pak ahmad']",Protagonis,19,"`` baiklah , ayah jawab ahmad dan muhammad dengan patuh .",0.20289855072463767,0.5443786982248521,"Setelah itu selesai , Ayah akan buatkan sangkar untuk burung kalian . ''",Burung itu kemudian mereka pelihara dengan penuh kasih sayang .,"Setelah itu selesai , Ayah akan buatkan sangkar untuk burung kalian . '' [SEP] `` baiklah , ayah jawab ahmad dan muhammad dengan patuh . [SEP] Burung itu kemudian mereka pelihara dengan penuh kasih sayang .",1
1,Tokoh-2,"['ayah', 'orang tua', 'pak ahmad']",Protagonis,29,"orang tua itu menjawab barang siapa yang memakan kepala burung ini , ia akan menjadi raja .",0.20289855072463767,0.5443786982248521,"Wak Pawang Merbuk bertanya Apakah tuah burung itu , dan siapa pemiliknya ? ''","Dan barang siapa yang memakan hatinya , ia akan menjadi menteri .","Wak Pawang Merbuk bertanya Apakah tuah burung itu , dan siapa pemiliknya ? '' [SEP] orang tua itu menjawab barang siapa yang memakan kepala burung ini , ia akan menjadi raja . [SEP] Dan barang siapa yang memakan hatinya , ia akan menjadi menteri .",1
1,Tokoh-2,"['ayah', 'orang tua', 'pak ahmad']",Protagonis,48,"melihat ayah mereka pulang dari sawah , wak pawang merbuk pun berbicara langsung kepada pak ahmad dan menyampaikan keinginannya untuk membeli burung itu .",0.20289855072463767,0.5443786982248521,Burung ini sudah seperti saudara kami sendiri . '',"Pak Ahmad hampir setuju , karena mereka sangat membutuhkan uang , tetapi ia tidak bisa langsung mengambil keputusan .","Burung ini sudah seperti saudara kami sendiri . '' [SEP] melihat ayah mereka pulang dari sawah , wak pawang merbuk pun berbicara langsung kepada pak ahmad dan menyampaikan keinginannya untuk membeli burung itu . [SEP] Pak Ahmad hampir setuju , karena mereka sangat membutuhkan uang , tetapi ia tidak bisa langsung mengambil keputusan .",1
1,Tokoh-2,"['ayah', 'orang tua', 'pak ahmad']",Protagonis,49,"pak ahmad hampir setuju , karena mereka sangat membutuhkan uang , tetapi ia tidak bisa langsung mengambil keputusan .",0.20289855072463767,0.5443786982248521,"Melihat ayah mereka pulang dari sawah , Wak Pawang Merbuk pun berbicara langsung kepada Pak Ahmad dan menyampaikan keinginannya untuk membeli burung itu .",`` Bagaimana jika dua-tiga hari lagi Wak Pawang datang kembali ?,"Melihat ayah mereka pulang dari sawah , Wak Pawang Merbuk pun berbicara langsung kepada Pak Ahmad dan menyampaikan keinginannya untuk membeli burung itu . [SEP] pak ahmad hampir setuju , karena mereka sangat membutuhkan uang , tetapi ia tidak bisa langsung mengambil keputusan . [SEP] `` Bagaimana jika dua-tiga hari lagi Wak Pawang datang kembali ?",1
1,Tokoh-2,"['ayah', 'orang tua', 'pak ahmad']",Protagonis,67,"tidak lama setelah itu , pak ahmad pulang dari sawah dan mengetahui kejadian tersebut .",0.20289855072463767,0.5443786982248521,"Ahmad memakan kepala burung , sementara Muhammad memakan hatinya .","Ia marah besar dan , tanpa mendengar penjelasan anak-anaknya , mengusir mereka dari rumah .","Ahmad memakan kepala burung , sementara Muhammad memakan hatinya . [SEP] tidak lama setelah itu , pak ahmad pulang dari sawah dan mengetahui kejadian tersebut . [SEP] Ia marah besar dan , tanpa mendengar penjelasan anak-anaknya , mengusir mereka dari rumah .",1
1,Tokoh-3,['puteri sulung'],Lainnya,74,raja yang sudah tua memutuskan untuk menikahkan ahmad dengan puteri sulung dan muhammad dengan puteri bungsu .,0.0,0.011834319526627217,"Setelah berbagai petualangan dan rintangan , kedua bersaudara ini akhirnya bertemu kembali di istana Ahmad .","Ahmad pun menjadi raja , sementara Muhammad menjadi menteri .","Setelah berbagai petualangan dan rintangan , kedua bersaudara ini akhirnya bertemu kembali di istana Ahmad . [SEP] raja yang sudah tua memutuskan untuk menikahkan ahmad dengan puteri sulung dan muhammad dengan puteri bungsu . [SEP] Ahmad pun menjadi raja , sementara Muhammad menjadi menteri .",1
1,Tokoh-4,['puteri bungsu'],Lainnya,74,raja yang sudah tua memutuskan untuk menikahkan ahmad dengan puteri sulung dan muhammad dengan puteri bungsu .,0.0,0.011834319526627217,"Setelah berbagai petualangan dan rintangan , kedua bersaudara ini akhirnya bertemu kembali di istana Ahmad .","Ahmad pun menjadi raja , sementara Muhammad menjadi menteri .","Setelah berbagai petualangan dan rintangan , kedua bersaudara ini akhirnya bertemu kembali di istana Ahmad . [SEP] raja yang sudah tua memutuskan untuk menikahkan ahmad dengan puteri sulung dan muhammad dengan puteri bungsu . [SEP] Ahmad pun menjadi raja , sementara Muhammad menjadi menteri .",1
1,Tokoh-5,['raja'],Protagonis,29,"orang tua itu menjawab barang siapa yang memakan kepala burung ini , ia akan menjadi raja .",0.057971014492753624,0.041420118343195256,"Wak Pawang Merbuk bertanya Apakah tuah burung itu , dan siapa pemiliknya ? ''","Dan barang siapa yang memakan hatinya , ia akan menjadi menteri .","Wak Pawang Merbuk bertanya Apakah tuah burung itu , dan siapa pemiliknya ? '' [SEP] orang tua itu menjawab barang siapa yang memakan kepala burung ini , ia akan menjadi raja . [SEP] Dan barang siapa yang memakan hatinya , ia akan menjadi menteri .",1
1,Tokoh-5,['raja'],Protagonis,52,"dengan penuh ambisi , wak pawang merbuk pulang sambil membayangkan dirinya menjadi raja .",0.057971014492753624,0.041420118343195256,Aku akan membujuk anak-anakku lebih dulu ujarnya .,"Beberapa hari kemudian , Ibu Ahmad dan Muhammad mengambil keputusan sendiri .","Aku akan membujuk anak-anakku lebih dulu ujarnya . [SEP] dengan penuh ambisi , wak pawang merbuk pulang sambil membayangkan dirinya menjadi raja . [SEP] Beberapa hari kemudian , Ibu Ahmad dan Muhammad mengambil keputusan sendiri .",1
1,Tokoh-5,['raja'],Protagonis,71,ahmad akhirnya terpilih menjadi raja setelah gajah putih kerajaan menemukannya tertidur di bawah pohon .,0.057971014492753624,0.041420118343195256,"Dalam perjalanan mereka di hutan , mereka berpisah tanpa sengaja .","Sementara itu , Muhammad menemukan ranting ajaib yang bisa memenuhi keinginannya .","Dalam perjalanan mereka di hutan , mereka berpisah tanpa sengaja . [SEP] ahmad akhirnya terpilih menjadi raja setelah gajah putih kerajaan menemukannya tertidur di bawah pohon . [SEP] Sementara itu , Muhammad menemukan ranting ajaib yang bisa memenuhi keinginannya .",1
1,Tokoh-5,['raja'],Protagonis,74,raja yang sudah tua memutuskan untuk menikahkan ahmad dengan puteri sulung dan muhammad dengan puteri bungsu .,0.057971014492753624,0.041420118343195256,"Setelah berbagai petualangan dan rintangan , kedua bersaudara ini akhirnya bertemu kembali di istana Ahmad .","Ahmad pun menjadi raja , sementara Muhammad menjadi menteri .","Setelah berbagai petualangan dan rintangan , kedua bersaudara ini akhirnya bertemu kembali di istana Ahmad . [SEP] raja yang sudah tua memutuskan untuk menikahkan ahmad dengan puteri sulung dan muhammad dengan puteri bungsu . [SEP] Ahmad pun menjadi raja , sementara Muhammad menjadi menteri .",1
1,Tokoh-5,['raja'],Protagonis,75,"ahmad pun menjadi raja , sementara muhammad menjadi menteri .",0.057971014492753624,0.041420118343195256,Raja yang sudah tua memutuskan untuk menikahkan Ahmad dengan Puteri Sulung dan Muhammad dengan Puteri Bungsu .,"Akhirnya , mereka hidup makmur dan bahagia , membuktikan bahwa takdir telah membawa mereka ke tempat yang seharusnya .","Raja yang sudah tua memutuskan untuk menikahkan Ahmad dengan Puteri Sulung dan Muhammad dengan Puteri Bungsu . [SEP] ahmad pun menjadi raja , sementara muhammad menjadi menteri . [SEP] Akhirnya , mereka hidup makmur dan bahagia , membuktikan bahwa takdir telah membawa mereka ke tempat yang seharusnya .",1
1,Tokoh-6,['tetangga'],Protagonis,5,"ahmad dan muhammad adalah anak-anak yang berbudi luhur , ramah terhadap tetangga , serta penyayang terhadap binatang .",0.0,0.014792899408284023,"Setiap pagi , kedua orang tua Ahmad dan Muhammad pergi ke sawah , dan kedua anak itu ikut membantu mereka .","Oleh karena itu , orang-orang di kampung sangat menyayangi mereka .","Setiap pagi , kedua orang tua Ahmad dan Muhammad pergi ke sawah , dan kedua anak itu ikut membantu mereka . [SEP] ahmad dan muhammad adalah anak-anak yang berbudi luhur , ramah terhadap tetangga , serta penyayang terhadap binatang . [SEP] Oleh karena itu , orang-orang di kampung sangat menyayangi mereka .",1
1,Tokoh-7,['ahmad'],Antagonis,2,"anak sulung mereka bernama ahmad , sementara anak bungsunya bernama muhammad .",0.3188405797101449,0.6834319526627219,"Di sebuah kampung kecil , hiduplah sepasang suami istri dengan dua orang anak laki-laki .","Keluarga ini tinggal di sebuah gubuk tua , dan pekerjaan mereka sehari-hari adalah bercocok tanam di sebidang tanah yang tidak jauh dari rumah mereka .","Di sebuah kampung kecil , hiduplah sepasang suami istri dengan dua orang anak laki-laki . [SEP] anak sulung mereka bernama ahmad , sementara anak bungsunya bernama muhammad . [SEP] Keluarga ini tinggal di sebuah gubuk tua , dan pekerjaan mereka sehari-hari adalah bercocok tanam di sebidang tanah yang tidak jauh dari rumah mereka .",1
1,Tokoh-7,['ahmad'],Antagonis,4,"setiap pagi , kedua orang tua ahmad dan muhammad pergi ke sawah , dan kedua anak itu ikut membantu mereka .",0.3188405797101449,0.6834319526627219,"Keluarga ini tinggal di sebuah gubuk tua , dan pekerjaan mereka sehari-hari adalah bercocok tanam di sebidang tanah yang tidak jauh dari rumah mereka .","Ahmad dan Muhammad adalah anak-anak yang berbudi luhur , ramah terhadap tetangga , serta penyayang terhadap binatang .","Keluarga ini tinggal di sebuah gubuk tua , dan pekerjaan mereka sehari-hari adalah bercocok tanam di sebidang tanah yang tidak jauh dari rumah mereka . [SEP] setiap pagi , kedua orang tua ahmad dan muhammad pergi ke sawah , dan kedua anak itu ikut membantu mereka . [SEP] Ahmad dan Muhammad adalah anak-anak yang berbudi luhur , ramah terhadap tetangga , serta penyayang terhadap binatang .",1
1,Tokoh-7,['ahmad'],Antagonis,5,"ahmad dan muhammad adalah anak-anak yang berbudi luhur , ramah terhadap tetangga , serta penyayang terhadap binatang .",0.3188405797101449,0.6834319526627219,"Setiap pagi , kedua orang tua Ahmad dan Muhammad pergi ke sawah , dan kedua anak itu ikut membantu mereka .","Oleh karena itu , orang-orang di kampung sangat menyayangi mereka .","Setiap pagi , kedua orang tua Ahmad dan Muhammad pergi ke sawah , dan kedua anak itu ikut membantu mereka . [SEP] ahmad dan muhammad adalah anak-anak yang berbudi luhur , ramah terhadap tetangga , serta penyayang terhadap binatang . [SEP] Oleh karena itu , orang-orang di kampung sangat menyayangi mereka .",1
1,Tokoh-7,['ahmad'],Antagonis,8,itulah rutinitas harian ahmad dan muhammad yang berlangsung dengan penuh ketekunan .,0.3188405797101449,0.6834319526627219,"Setiap pagi , mereka membantu orang tua di sawah , dan pada sore hari mereka pergi mengaji .","Pada suatu sore , dalam perjalanan pulang dari mengaji , mereka melihat seekor burung merbuk yang berulang kali terbang rendah di hadapan mereka .","Setiap pagi , mereka membantu orang tua di sawah , dan pada sore hari mereka pergi mengaji . [SEP] itulah rutinitas harian ahmad dan muhammad yang berlangsung dengan penuh ketekunan . [SEP] Pada suatu sore , dalam perjalanan pulang dari mengaji , mereka melihat seekor burung merbuk yang berulang kali terbang rendah di hadapan mereka .",1
1,Tokoh-7,['ahmad'],Antagonis,16,tanya ahmad penuh antusias .,0.3188405797101449,0.6834319526627219,Bisakah Ayah membuatkan sangkarnya ? '',"Ayah mereka tersenyum dan berkata Ayah tidak keberatan , tetapi sekarang Ayah sedang sibuk menyiapkan tempat penyimpanan padi kita .","Bisakah Ayah membuatkan sangkarnya ? '' [SEP] tanya ahmad penuh antusias . [SEP] Ayah mereka tersenyum dan berkata Ayah tidak keberatan , tetapi sekarang Ayah sedang sibuk menyiapkan tempat penyimpanan padi kita .",1
1,Tokoh-7,['ahmad'],Antagonis,19,"`` baiklah , ayah jawab ahmad dan muhammad dengan patuh .",0.3188405797101449,0.6834319526627219,"Setelah itu selesai , Ayah akan buatkan sangkar untuk burung kalian . ''",Burung itu kemudian mereka pelihara dengan penuh kasih sayang .,"Setelah itu selesai , Ayah akan buatkan sangkar untuk burung kalian . '' [SEP] `` baiklah , ayah jawab ahmad dan muhammad dengan patuh . [SEP] Burung itu kemudian mereka pelihara dengan penuh kasih sayang .",1
1,Tokoh-7,['ahmad'],Antagonis,22,"kemana pun ahmad dan muhammad pergi , burung itu selalu mengikuti mereka , seolah-olah tidak bisa berpisah .",0.3188405797101449,0.6834319526627219,"Karena telah lama dirawat , burung itu menjadi sangat jinak dan tidak perlu diikat .","Di kampung itu , hiduplah seorang pawang burung merbuk yang setiap hari pergi ke hutan untuk memikat burung .","Karena telah lama dirawat , burung itu menjadi sangat jinak dan tidak perlu diikat . [SEP] kemana pun ahmad dan muhammad pergi , burung itu selalu mengikuti mereka , seolah-olah tidak bisa berpisah . [SEP] Di kampung itu , hiduplah seorang pawang burung merbuk yang setiap hari pergi ke hutan untuk memikat burung .",1
1,Tokoh-7,['ahmad'],Antagonis,31,burung itu dimiliki oleh ahmad dan muhammad . '',0.3188405797101449,0.6834319526627219,"Dan barang siapa yang memakan hatinya , ia akan menjadi menteri .","Setelah berkata demikian , lelaki tua itu menghilang .","Dan barang siapa yang memakan hatinya , ia akan menjadi menteri . [SEP] burung itu dimiliki oleh ahmad dan muhammad . '' [SEP] Setelah berkata demikian , lelaki tua itu menghilang .",1
1,Tokoh-7,['ahmad'],Antagonis,37,"keesokan paginya , wak pawang merbuk segera berangkat mencari rumah ahmad dan muhammad .",0.3188405797101449,0.6834319526627219,pikirnya .,"Setelah bertanya ke sana kemari , ia akhirnya menemukan gubuk tempat mereka tinggal .","pikirnya . [SEP] keesokan paginya , wak pawang merbuk segera berangkat mencari rumah ahmad dan muhammad . [SEP] Setelah bertanya ke sana kemari , ia akhirnya menemukan gubuk tempat mereka tinggal .",1
1,Tokoh-7,['ahmad'],Antagonis,41,"`` wa'alaikumussalam , wak jawab ahmad dan muhammad .",0.3188405797101449,0.6834319526627219,"Ia pun menyapa dengan ramah Assalamualaikum , anak-anak . ''",`` Burung kalian sangat jinak .,"Ia pun menyapa dengan ramah Assalamualaikum , anak-anak . '' [SEP] `` wa'alaikumussalam , wak jawab ahmad dan muhammad . [SEP] `` Burung kalian sangat jinak .",1
1,Tokoh-7,['ahmad'],Antagonis,45,"namun , ahmad dan muhammad segera menolak maaf , wak .",0.3188405797101449,0.6834319526627219,"Berapa pun harganya , aku akan membayar tawarnya .",Burung ini tidak kami jual .,"Berapa pun harganya , aku akan membayar tawarnya . [SEP] namun , ahmad dan muhammad segera menolak maaf , wak . [SEP] Burung ini tidak kami jual .",1
1,Tokoh-7,['ahmad'],Antagonis,48,"melihat ayah mereka pulang dari sawah , wak pawang merbuk pun berbicara langsung kepada pak ahmad dan menyampaikan keinginannya untuk membeli burung itu .",0.3188405797101449,0.6834319526627219,Burung ini sudah seperti saudara kami sendiri . '',"Pak Ahmad hampir setuju , karena mereka sangat membutuhkan uang , tetapi ia tidak bisa langsung mengambil keputusan .","Burung ini sudah seperti saudara kami sendiri . '' [SEP] melihat ayah mereka pulang dari sawah , wak pawang merbuk pun berbicara langsung kepada pak ahmad dan menyampaikan keinginannya untuk membeli burung itu . [SEP] Pak Ahmad hampir setuju , karena mereka sangat membutuhkan uang , tetapi ia tidak bisa langsung mengambil keputusan .",1
1,Tokoh-7,['ahmad'],Antagonis,49,"pak ahmad hampir setuju , karena mereka sangat membutuhkan uang , tetapi ia tidak bisa langsung mengambil keputusan .",0.3188405797101449,0.6834319526627219,"Melihat ayah mereka pulang dari sawah , Wak Pawang Merbuk pun berbicara langsung kepada Pak Ahmad dan menyampaikan keinginannya untuk membeli burung itu .",`` Bagaimana jika dua-tiga hari lagi Wak Pawang datang kembali ?,"Melihat ayah mereka pulang dari sawah , Wak Pawang Merbuk pun berbicara langsung kepada Pak Ahmad dan menyampaikan keinginannya untuk membeli burung itu . [SEP] pak ahmad hampir setuju , karena mereka sangat membutuhkan uang , tetapi ia tidak bisa langsung mengambil keputusan . [SEP] `` Bagaimana jika dua-tiga hari lagi Wak Pawang datang kembali ?",1
1,Tokoh-7,['ahmad'],Antagonis,53,"beberapa hari kemudian , ibu ahmad dan muhammad mengambil keputusan sendiri .",0.3188405797101449,0.6834319526627219,"Dengan penuh ambisi , Wak Pawang Merbuk pulang sambil membayangkan dirinya menjadi raja .","Saat kedua anaknya sedang pergi ke sawah , ia menangkap burung merbuk tersebut dan menyembelihnya .","Dengan penuh ambisi , Wak Pawang Merbuk pulang sambil membayangkan dirinya menjadi raja . [SEP] beberapa hari kemudian , ibu ahmad dan muhammad mengambil keputusan sendiri . [SEP] Saat kedua anaknya sedang pergi ke sawah , ia menangkap burung merbuk tersebut dan menyembelihnya .",1
1,Tokoh-7,['ahmad'],Antagonis,57,"sementara itu , di sawah , ahmad tiba-tiba merasakan firman tidak enak .",0.3188405797101449,0.6834319526627219,"Setelah memanggang burung itu , ia meletakkannya di atas perapian .","`` Muhammad , aku merasa ada sesuatu yang buruk terjadi di rumah katanya .","Setelah memanggang burung itu , ia meletakkannya di atas perapian . [SEP] sementara itu , di sawah , ahmad tiba-tiba merasakan firman tidak enak . [SEP] `` Muhammad , aku merasa ada sesuatu yang buruk terjadi di rumah katanya .",1
1,Tokoh-7,['ahmad'],Antagonis,64,ahmad dan muhammad hampir pingsan karena kesedihan .,0.3188405797101449,0.6834319526627219,"Daripada terbuang sia-sia , ibu memotong dan memanggangnya . ''","Namun , mereka akhirnya memutuskan untuk memakan burung yang telah dipanggang itu .","Daripada terbuang sia-sia , ibu memotong dan memanggangnya . '' [SEP] ahmad dan muhammad hampir pingsan karena kesedihan . [SEP] Namun , mereka akhirnya memutuskan untuk memakan burung yang telah dipanggang itu .",1
1,Tokoh-7,['ahmad'],Antagonis,66,"ahmad memakan kepala burung , sementara muhammad memakan hatinya .",0.3188405797101449,0.6834319526627219,"Namun , mereka akhirnya memutuskan untuk memakan burung yang telah dipanggang itu .","Tidak lama setelah itu , Pak Ahmad pulang dari sawah dan mengetahui kejadian tersebut .","Namun , mereka akhirnya memutuskan untuk memakan burung yang telah dipanggang itu . [SEP] ahmad memakan kepala burung , sementara muhammad memakan hatinya . [SEP] Tidak lama setelah itu , Pak Ahmad pulang dari sawah dan mengetahui kejadian tersebut .",1
1,Tokoh-7,['ahmad'],Antagonis,67,"tidak lama setelah itu , pak ahmad pulang dari sawah dan mengetahui kejadian tersebut .",0.3188405797101449,0.6834319526627219,"Ahmad memakan kepala burung , sementara Muhammad memakan hatinya .","Ia marah besar dan , tanpa mendengar penjelasan anak-anaknya , mengusir mereka dari rumah .","Ahmad memakan kepala burung , sementara Muhammad memakan hatinya . [SEP] tidak lama setelah itu , pak ahmad pulang dari sawah dan mengetahui kejadian tersebut . [SEP] Ia marah besar dan , tanpa mendengar penjelasan anak-anaknya , mengusir mereka dari rumah .",1
1,Tokoh-7,['ahmad'],Antagonis,69,"dengan hati yang hancur , ahmad dan muhammad meninggalkan rumah mereka di tengah malam .",0.3188405797101449,0.6834319526627219,"Ia marah besar dan , tanpa mendengar penjelasan anak-anaknya , mengusir mereka dari rumah .","Dalam perjalanan mereka di hutan , mereka berpisah tanpa sengaja .","Ia marah besar dan , tanpa mendengar penjelasan anak-anaknya , mengusir mereka dari rumah . [SEP] dengan hati yang hancur , ahmad dan muhammad meninggalkan rumah mereka di tengah malam . [SEP] Dalam perjalanan mereka di hutan , mereka berpisah tanpa sengaja .",1
1,Tokoh-7,['ahmad'],Antagonis,71,ahmad akhirnya terpilih menjadi raja setelah gajah putih kerajaan menemukannya tertidur di bawah pohon .,0.3188405797101449,0.6834319526627219,"Dalam perjalanan mereka di hutan , mereka berpisah tanpa sengaja .","Sementara itu , Muhammad menemukan ranting ajaib yang bisa memenuhi keinginannya .","Dalam perjalanan mereka di hutan , mereka berpisah tanpa sengaja . [SEP] ahmad akhirnya terpilih menjadi raja setelah gajah putih kerajaan menemukannya tertidur di bawah pohon . [SEP] Sementara itu , Muhammad menemukan ranting ajaib yang bisa memenuhi keinginannya .",1
1,Tokoh-7,['ahmad'],Antagonis,73,"setelah berbagai petualangan dan rintangan , kedua bersaudara ini akhirnya bertemu kembali di istana ahmad .",0.3188405797101449,0.6834319526627219,"Sementara itu , Muhammad menemukan ranting ajaib yang bisa memenuhi keinginannya .",Raja yang sudah tua memutuskan untuk menikahkan Ahmad dengan Puteri Sulung dan Muhammad dengan Puteri Bungsu .,"Sementara itu , Muhammad menemukan ranting ajaib yang bisa memenuhi keinginannya . [SEP] setelah berbagai petualangan dan rintangan , kedua bersaudara ini akhirnya bertemu kembali di istana ahmad . [SEP] Raja yang sudah tua memutuskan untuk menikahkan Ahmad dengan Puteri Sulung dan Muhammad dengan Puteri Bungsu .",1
1,Tokoh-7,['ahmad'],Antagonis,74,raja yang sudah tua memutuskan untuk menikahkan ahmad dengan puteri sulung dan muhammad dengan puteri bungsu .,0.3188405797101449,0.6834319526627219,"Setelah berbagai petualangan dan rintangan , kedua bersaudara ini akhirnya bertemu kembali di istana Ahmad .","Ahmad pun menjadi raja , sementara Muhammad menjadi menteri .","Setelah berbagai petualangan dan rintangan , kedua bersaudara ini akhirnya bertemu kembali di istana Ahmad . [SEP] raja yang sudah tua memutuskan untuk menikahkan ahmad dengan puteri sulung dan muhammad dengan puteri bungsu . [SEP] Ahmad pun menjadi raja , sementara Muhammad menjadi menteri .",1
1,Tokoh-7,['ahmad'],Antagonis,75,"ahmad pun menjadi raja , sementara muhammad menjadi menteri .",0.3188405797101449,0.6834319526627219,Raja yang sudah tua memutuskan untuk menikahkan Ahmad dengan Puteri Sulung dan Muhammad dengan Puteri Bungsu .,"Akhirnya , mereka hidup makmur dan bahagia , membuktikan bahwa takdir telah membawa mereka ke tempat yang seharusnya .","Raja yang sudah tua memutuskan untuk menikahkan Ahmad dengan Puteri Sulung dan Muhammad dengan Puteri Bungsu . [SEP] ahmad pun menjadi raja , sementara muhammad menjadi menteri . [SEP] Akhirnya , mereka hidup makmur dan bahagia , membuktikan bahwa takdir telah membawa mereka ke tempat yang seharusnya .",1
1,Tokoh-8,['muhammad'],Protagonis,2,"anak sulung mereka bernama ahmad , sementara anak bungsunya bernama muhammad .",0.2608695652173913,0.6715976331360947,"Di sebuah kampung kecil , hiduplah sepasang suami istri dengan dua orang anak laki-laki .","Keluarga ini tinggal di sebuah gubuk tua , dan pekerjaan mereka sehari-hari adalah bercocok tanam di sebidang tanah yang tidak jauh dari rumah mereka .","Di sebuah kampung kecil , hiduplah sepasang suami istri dengan dua orang anak laki-laki . [SEP] anak sulung mereka bernama ahmad , sementara anak bungsunya bernama muhammad . [SEP] Keluarga ini tinggal di sebuah gubuk tua , dan pekerjaan mereka sehari-hari adalah bercocok tanam di sebidang tanah yang tidak jauh dari rumah mereka .",1
1,Tokoh-8,['muhammad'],Protagonis,4,"setiap pagi , kedua orang tua ahmad dan muhammad pergi ke sawah , dan kedua anak itu ikut membantu mereka .",0.2608695652173913,0.6715976331360947,"Keluarga ini tinggal di sebuah gubuk tua , dan pekerjaan mereka sehari-hari adalah bercocok tanam di sebidang tanah yang tidak jauh dari rumah mereka .","Ahmad dan Muhammad adalah anak-anak yang berbudi luhur , ramah terhadap tetangga , serta penyayang terhadap binatang .","Keluarga ini tinggal di sebuah gubuk tua , dan pekerjaan mereka sehari-hari adalah bercocok tanam di sebidang tanah yang tidak jauh dari rumah mereka . [SEP] setiap pagi , kedua orang tua ahmad dan muhammad pergi ke sawah , dan kedua anak itu ikut membantu mereka . [SEP] Ahmad dan Muhammad adalah anak-anak yang berbudi luhur , ramah terhadap tetangga , serta penyayang terhadap binatang .",1
1,Tokoh-8,['muhammad'],Protagonis,5,"ahmad dan muhammad adalah anak-anak yang berbudi luhur , ramah terhadap tetangga , serta penyayang terhadap binatang .",0.2608695652173913,0.6715976331360947,"Setiap pagi , kedua orang tua Ahmad dan Muhammad pergi ke sawah , dan kedua anak itu ikut membantu mereka .","Oleh karena itu , orang-orang di kampung sangat menyayangi mereka .","Setiap pagi , kedua orang tua Ahmad dan Muhammad pergi ke sawah , dan kedua anak itu ikut membantu mereka . [SEP] ahmad dan muhammad adalah anak-anak yang berbudi luhur , ramah terhadap tetangga , serta penyayang terhadap binatang . [SEP] Oleh karena itu , orang-orang di kampung sangat menyayangi mereka .",1
1,Tokoh-8,['muhammad'],Protagonis,8,itulah rutinitas harian ahmad dan muhammad yang berlangsung dengan penuh ketekunan .,0.2608695652173913,0.6715976331360947,"Setiap pagi , mereka membantu orang tua di sawah , dan pada sore hari mereka pergi mengaji .","Pada suatu sore , dalam perjalanan pulang dari mengaji , mereka melihat seekor burung merbuk yang berulang kali terbang rendah di hadapan mereka .","Setiap pagi , mereka membantu orang tua di sawah , dan pada sore hari mereka pergi mengaji . [SEP] itulah rutinitas harian ahmad dan muhammad yang berlangsung dengan penuh ketekunan . [SEP] Pada suatu sore , dalam perjalanan pulang dari mengaji , mereka melihat seekor burung merbuk yang berulang kali terbang rendah di hadapan mereka .",1
1,Tokoh-8,['muhammad'],Protagonis,19,"`` baiklah , ayah jawab ahmad dan muhammad dengan patuh .",0.2608695652173913,0.6715976331360947,"Setelah itu selesai , Ayah akan buatkan sangkar untuk burung kalian . ''",Burung itu kemudian mereka pelihara dengan penuh kasih sayang .,"Setelah itu selesai , Ayah akan buatkan sangkar untuk burung kalian . '' [SEP] `` baiklah , ayah jawab ahmad dan muhammad dengan patuh . [SEP] Burung itu kemudian mereka pelihara dengan penuh kasih sayang .",1
1,Tokoh-8,['muhammad'],Protagonis,22,"kemana pun ahmad dan muhammad pergi , burung itu selalu mengikuti mereka , seolah-olah tidak bisa berpisah .",0.2608695652173913,0.6715976331360947,"Karena telah lama dirawat , burung itu menjadi sangat jinak dan tidak perlu diikat .","Di kampung itu , hiduplah seorang pawang burung merbuk yang setiap hari pergi ke hutan untuk memikat burung .","Karena telah lama dirawat , burung itu menjadi sangat jinak dan tidak perlu diikat . [SEP] kemana pun ahmad dan muhammad pergi , burung itu selalu mengikuti mereka , seolah-olah tidak bisa berpisah . [SEP] Di kampung itu , hiduplah seorang pawang burung merbuk yang setiap hari pergi ke hutan untuk memikat burung .",1
1,Tokoh-8,['muhammad'],Protagonis,31,burung itu dimiliki oleh ahmad dan muhammad . '',0.2608695652173913,0.6715976331360947,"Dan barang siapa yang memakan hatinya , ia akan menjadi menteri .","Setelah berkata demikian , lelaki tua itu menghilang .","Dan barang siapa yang memakan hatinya , ia akan menjadi menteri . [SEP] burung itu dimiliki oleh ahmad dan muhammad . '' [SEP] Setelah berkata demikian , lelaki tua itu menghilang .",1
1,Tokoh-8,['muhammad'],Protagonis,37,"keesokan paginya , wak pawang merbuk segera berangkat mencari rumah ahmad dan muhammad .",0.2608695652173913,0.6715976331360947,pikirnya .,"Setelah bertanya ke sana kemari , ia akhirnya menemukan gubuk tempat mereka tinggal .","pikirnya . [SEP] keesokan paginya , wak pawang merbuk segera berangkat mencari rumah ahmad dan muhammad . [SEP] Setelah bertanya ke sana kemari , ia akhirnya menemukan gubuk tempat mereka tinggal .",1
1,Tokoh-8,['muhammad'],Protagonis,41,"`` wa'alaikumussalam , wak jawab ahmad dan muhammad .",0.2608695652173913,0.6715976331360947,"Ia pun menyapa dengan ramah Assalamualaikum , anak-anak . ''",`` Burung kalian sangat jinak .,"Ia pun menyapa dengan ramah Assalamualaikum , anak-anak . '' [SEP] `` wa'alaikumussalam , wak jawab ahmad dan muhammad . [SEP] `` Burung kalian sangat jinak .",1
1,Tokoh-8,['muhammad'],Protagonis,45,"namun , ahmad dan muhammad segera menolak maaf , wak .",0.2608695652173913,0.6715976331360947,"Berapa pun harganya , aku akan membayar tawarnya .",Burung ini tidak kami jual .,"Berapa pun harganya , aku akan membayar tawarnya . [SEP] namun , ahmad dan muhammad segera menolak maaf , wak . [SEP] Burung ini tidak kami jual .",1
1,Tokoh-8,['muhammad'],Protagonis,53,"beberapa hari kemudian , ibu ahmad dan muhammad mengambil keputusan sendiri .",0.2608695652173913,0.6715976331360947,"Dengan penuh ambisi , Wak Pawang Merbuk pulang sambil membayangkan dirinya menjadi raja .","Saat kedua anaknya sedang pergi ke sawah , ia menangkap burung merbuk tersebut dan menyembelihnya .","Dengan penuh ambisi , Wak Pawang Merbuk pulang sambil membayangkan dirinya menjadi raja . [SEP] beberapa hari kemudian , ibu ahmad dan muhammad mengambil keputusan sendiri . [SEP] Saat kedua anaknya sedang pergi ke sawah , ia menangkap burung merbuk tersebut dan menyembelihnya .",1
1,Tokoh-8,['muhammad'],Protagonis,58,"`` muhammad , aku merasa ada sesuatu yang buruk terjadi di rumah katanya .",0.2608695652173913,0.6715976331360947,"Sementara itu , di sawah , Ahmad tiba-tiba merasakan firman tidak enak .",Muhammad pun merasakan hal yang sama .,"Sementara itu , di sawah , Ahmad tiba-tiba merasakan firman tidak enak . [SEP] `` muhammad , aku merasa ada sesuatu yang buruk terjadi di rumah katanya . [SEP] Muhammad pun merasakan hal yang sama .",1
1,Tokoh-8,['muhammad'],Protagonis,59,muhammad pun merasakan hal yang sama .,0.2608695652173913,0.6715976331360947,"`` Muhammad , aku merasa ada sesuatu yang buruk terjadi di rumah katanya .",Mereka segera bergegas pulang .,"`` Muhammad , aku merasa ada sesuatu yang buruk terjadi di rumah katanya . [SEP] muhammad pun merasakan hal yang sama . [SEP] Mereka segera bergegas pulang .",1
1,Tokoh-8,['muhammad'],Protagonis,64,ahmad dan muhammad hampir pingsan karena kesedihan .,0.2608695652173913,0.6715976331360947,"Daripada terbuang sia-sia , ibu memotong dan memanggangnya . ''","Namun , mereka akhirnya memutuskan untuk memakan burung yang telah dipanggang itu .","Daripada terbuang sia-sia , ibu memotong dan memanggangnya . '' [SEP] ahmad dan muhammad hampir pingsan karena kesedihan . [SEP] Namun , mereka akhirnya memutuskan untuk memakan burung yang telah dipanggang itu .",1
1,Tokoh-8,['muhammad'],Protagonis,66,"ahmad memakan kepala burung , sementara muhammad memakan hatinya .",0.2608695652173913,0.6715976331360947,"Namun , mereka akhirnya memutuskan untuk memakan burung yang telah dipanggang itu .","Tidak lama setelah itu , Pak Ahmad pulang dari sawah dan mengetahui kejadian tersebut .","Namun , mereka akhirnya memutuskan untuk memakan burung yang telah dipanggang itu . [SEP] ahmad memakan kepala burung , sementara muhammad memakan hatinya . [SEP] Tidak lama setelah itu , Pak Ahmad pulang dari sawah dan mengetahui kejadian tersebut .",1
1,Tokoh-8,['muhammad'],Protagonis,69,"dengan hati yang hancur , ahmad dan muhammad meninggalkan rumah mereka di tengah malam .",0.2608695652173913,0.6715976331360947,"Ia marah besar dan , tanpa mendengar penjelasan anak-anaknya , mengusir mereka dari rumah .","Dalam perjalanan mereka di hutan , mereka berpisah tanpa sengaja .","Ia marah besar dan , tanpa mendengar penjelasan anak-anaknya , mengusir mereka dari rumah . [SEP] dengan hati yang hancur , ahmad dan muhammad meninggalkan rumah mereka di tengah malam . [SEP] Dalam perjalanan mereka di hutan , mereka berpisah tanpa sengaja .",1
1,Tokoh-8,['muhammad'],Protagonis,72,"sementara itu , muhammad menemukan ranting ajaib yang bisa memenuhi keinginannya .",0.2608695652173913,0.6715976331360947,Ahmad akhirnya terpilih menjadi raja setelah gajah putih kerajaan menemukannya tertidur di bawah pohon .,"Setelah berbagai petualangan dan rintangan , kedua bersaudara ini akhirnya bertemu kembali di istana Ahmad .","Ahmad akhirnya terpilih menjadi raja setelah gajah putih kerajaan menemukannya tertidur di bawah pohon . [SEP] sementara itu , muhammad menemukan ranting ajaib yang bisa memenuhi keinginannya . [SEP] Setelah berbagai petualangan dan rintangan , kedua bersaudara ini akhirnya bertemu kembali di istana Ahmad .",1
1,Tokoh-8,['muhammad'],Protagonis,74,raja yang sudah tua memutuskan untuk menikahkan ahmad dengan puteri sulung dan muhammad dengan puteri bungsu .,0.2608695652173913,0.6715976331360947,"Setelah berbagai petualangan dan rintangan , kedua bersaudara ini akhirnya bertemu kembali di istana Ahmad .","Ahmad pun menjadi raja , sementara Muhammad menjadi menteri .","Setelah berbagai petualangan dan rintangan , kedua bersaudara ini akhirnya bertemu kembali di istana Ahmad . [SEP] raja yang sudah tua memutuskan untuk menikahkan ahmad dengan puteri sulung dan muhammad dengan puteri bungsu . [SEP] Ahmad pun menjadi raja , sementara Muhammad menjadi menteri .",1
1,Tokoh-8,['muhammad'],Protagonis,75,"ahmad pun menjadi raja , sementara muhammad menjadi menteri .",0.2608695652173913,0.6715976331360947,Raja yang sudah tua memutuskan untuk menikahkan Ahmad dengan Puteri Sulung dan Muhammad dengan Puteri Bungsu .,"Akhirnya , mereka hidup makmur dan bahagia , membuktikan bahwa takdir telah membawa mereka ke tempat yang seharusnya .","Raja yang sudah tua memutuskan untuk menikahkan Ahmad dengan Puteri Sulung dan Muhammad dengan Puteri Bungsu . [SEP] ahmad pun menjadi raja , sementara muhammad menjadi menteri . [SEP] Akhirnya , mereka hidup makmur dan bahagia , membuktikan bahwa takdir telah membawa mereka ke tempat yang seharusnya .",1
1,Tokoh-10,"['burung', 'burung merbuk', 'pawang burung merbuk', 'pawang merbuk', 'wak', 'wak pawang', 'wak pawang merbuk']",Protagonis,9,"pada suatu sore , dalam perjalanan pulang dari mengaji , mereka melihat seekor burung merbuk yang berulang kali terbang rendah di hadapan mereka .",1.0,1.0,Itulah rutinitas harian Ahmad dan Muhammad yang berlangsung dengan penuh ketekunan .,"Merasa penasaran , mereka pun mengejar dan berhasil menangkap burung itu .","Itulah rutinitas harian Ahmad dan Muhammad yang berlangsung dengan penuh ketekunan . [SEP] pada suatu sore , dalam perjalanan pulang dari mengaji , mereka melihat seekor burung merbuk yang berulang kali terbang rendah di hadapan mereka . [SEP] Merasa penasaran , mereka pun mengejar dan berhasil menangkap burung itu .",1
1,Tokoh-10,"['burung', 'burung merbuk', 'pawang burung merbuk', 'pawang merbuk', 'wak', 'wak pawang', 'wak pawang merbuk']",Protagonis,10,"merasa penasaran , mereka pun mengejar dan berhasil menangkap burung itu .",1.0,1.0,"Pada suatu sore , dalam perjalanan pulang dari mengaji , mereka melihat seekor burung merbuk yang berulang kali terbang rendah di hadapan mereka .","Burung merbuk tersebut sangat indah , dengan bulu yang berkilauan seperti emas .","Pada suatu sore , dalam perjalanan pulang dari mengaji , mereka melihat seekor burung merbuk yang berulang kali terbang rendah di hadapan mereka . [SEP] merasa penasaran , mereka pun mengejar dan berhasil menangkap burung itu . [SEP] Burung merbuk tersebut sangat indah , dengan bulu yang berkilauan seperti emas .",1
1,Tokoh-10,"['burung', 'burung merbuk', 'pawang burung merbuk', 'pawang merbuk', 'wak', 'wak pawang', 'wak pawang merbuk']",Protagonis,11,"burung merbuk tersebut sangat indah , dengan bulu yang berkilauan seperti emas .",1.0,1.0,"Merasa penasaran , mereka pun mengejar dan berhasil menangkap burung itu .","Dengan penuh kegembiraan , mereka segera pulang dan menunjukkan burung itu kepada ayah mereka .","Merasa penasaran , mereka pun mengejar dan berhasil menangkap burung itu . [SEP] burung merbuk tersebut sangat indah , dengan bulu yang berkilauan seperti emas . [SEP] Dengan penuh kegembiraan , mereka segera pulang dan menunjukkan burung itu kepada ayah mereka .",1
1,Tokoh-10,"['burung', 'burung merbuk', 'pawang burung merbuk', 'pawang merbuk', 'wak', 'wak pawang', 'wak pawang merbuk']",Protagonis,12,"dengan penuh kegembiraan , mereka segera pulang dan menunjukkan burung itu kepada ayah mereka .",1.0,1.0,"Burung merbuk tersebut sangat indah , dengan bulu yang berkilauan seperti emas .","`` Ayah , tadi ketika kami pulang mengaji , kami menangkap seekor burung merbuk yang sangat indah .","Burung merbuk tersebut sangat indah , dengan bulu yang berkilauan seperti emas . [SEP] dengan penuh kegembiraan , mereka segera pulang dan menunjukkan burung itu kepada ayah mereka . [SEP] `` Ayah , tadi ketika kami pulang mengaji , kami menangkap seekor burung merbuk yang sangat indah .",1
1,Tokoh-10,"['burung', 'burung merbuk', 'pawang burung merbuk', 'pawang merbuk', 'wak', 'wak pawang', 'wak pawang merbuk']",Protagonis,13,"`` ayah , tadi ketika kami pulang mengaji , kami menangkap seekor burung merbuk yang sangat indah .",1.0,1.0,"Dengan penuh kegembiraan , mereka segera pulang dan menunjukkan burung itu kepada ayah mereka .",Bulu-bulunya berkilauan seperti emas .,"Dengan penuh kegembiraan , mereka segera pulang dan menunjukkan burung itu kepada ayah mereka . [SEP] `` ayah , tadi ketika kami pulang mengaji , kami menangkap seekor burung merbuk yang sangat indah . [SEP] Bulu-bulunya berkilauan seperti emas .",1
1,Tokoh-10,"['burung', 'burung merbuk', 'pawang burung merbuk', 'pawang merbuk', 'wak', 'wak pawang', 'wak pawang merbuk']",Protagonis,18,"setelah itu selesai , ayah akan buatkan sangkar untuk burung kalian . ''",1.0,1.0,"Ayah mereka tersenyum dan berkata Ayah tidak keberatan , tetapi sekarang Ayah sedang sibuk menyiapkan tempat penyimpanan padi kita .","`` Baiklah , Ayah jawab Ahmad dan Muhammad dengan patuh .","Ayah mereka tersenyum dan berkata Ayah tidak keberatan , tetapi sekarang Ayah sedang sibuk menyiapkan tempat penyimpanan padi kita . [SEP] setelah itu selesai , ayah akan buatkan sangkar untuk burung kalian . '' [SEP] `` Baiklah , Ayah jawab Ahmad dan Muhammad dengan patuh .",1
1,Tokoh-10,"['burung', 'burung merbuk', 'pawang burung merbuk', 'pawang merbuk', 'wak', 'wak pawang', 'wak pawang merbuk']",Protagonis,20,burung itu kemudian mereka pelihara dengan penuh kasih sayang .,1.0,1.0,"`` Baiklah , Ayah jawab Ahmad dan Muhammad dengan patuh .","Karena telah lama dirawat , burung itu menjadi sangat jinak dan tidak perlu diikat .","`` Baiklah , Ayah jawab Ahmad dan Muhammad dengan patuh . [SEP] burung itu kemudian mereka pelihara dengan penuh kasih sayang . [SEP] Karena telah lama dirawat , burung itu menjadi sangat jinak dan tidak perlu diikat .",1
1,Tokoh-10,"['burung', 'burung merbuk', 'pawang burung merbuk', 'pawang merbuk', 'wak', 'wak pawang', 'wak pawang merbuk']",Protagonis,21,"karena telah lama dirawat , burung itu menjadi sangat jinak dan tidak perlu diikat .",1.0,1.0,Burung itu kemudian mereka pelihara dengan penuh kasih sayang .,"Kemana pun Ahmad dan Muhammad pergi , burung itu selalu mengikuti mereka , seolah-olah tidak bisa berpisah .","Burung itu kemudian mereka pelihara dengan penuh kasih sayang . [SEP] karena telah lama dirawat , burung itu menjadi sangat jinak dan tidak perlu diikat . [SEP] Kemana pun Ahmad dan Muhammad pergi , burung itu selalu mengikuti mereka , seolah-olah tidak bisa berpisah .",1
1,Tokoh-10,"['burung', 'burung merbuk', 'pawang burung merbuk', 'pawang merbuk', 'wak', 'wak pawang', 'wak pawang merbuk']",Protagonis,22,"kemana pun ahmad dan muhammad pergi , burung itu selalu mengikuti mereka , seolah-olah tidak bisa berpisah .",1.0,1.0,"Karena telah lama dirawat , burung itu menjadi sangat jinak dan tidak perlu diikat .","Di kampung itu , hiduplah seorang pawang burung merbuk yang setiap hari pergi ke hutan untuk memikat burung .","Karena telah lama dirawat , burung itu menjadi sangat jinak dan tidak perlu diikat . [SEP] kemana pun ahmad dan muhammad pergi , burung itu selalu mengikuti mereka , seolah-olah tidak bisa berpisah . [SEP] Di kampung itu , hiduplah seorang pawang burung merbuk yang setiap hari pergi ke hutan untuk memikat burung .",1
1,Tokoh-10,"['burung', 'burung merbuk', 'pawang burung merbuk', 'pawang merbuk', 'wak', 'wak pawang', 'wak pawang merbuk']",Protagonis,23,"di kampung itu , hiduplah seorang pawang burung merbuk yang setiap hari pergi ke hutan untuk memikat burung .",1.0,1.0,"Kemana pun Ahmad dan Muhammad pergi , burung itu selalu mengikuti mereka , seolah-olah tidak bisa berpisah .",Orang-orang di kampung memanggilnya Wak Pawang Merbuk .,"Kemana pun Ahmad dan Muhammad pergi , burung itu selalu mengikuti mereka , seolah-olah tidak bisa berpisah . [SEP] di kampung itu , hiduplah seorang pawang burung merbuk yang setiap hari pergi ke hutan untuk memikat burung . [SEP] Orang-orang di kampung memanggilnya Wak Pawang Merbuk .",1
1,Tokoh-10,"['burung', 'burung merbuk', 'pawang burung merbuk', 'pawang merbuk', 'wak', 'wak pawang', 'wak pawang merbuk']",Protagonis,24,orang-orang di kampung memanggilnya wak pawang merbuk .,1.0,1.0,"Di kampung itu , hiduplah seorang pawang burung merbuk yang setiap hari pergi ke hutan untuk memikat burung .","Suatu malam , setelah pulang dari memikat burung , Wak Pawang Merbuk bermimpi .","Di kampung itu , hiduplah seorang pawang burung merbuk yang setiap hari pergi ke hutan untuk memikat burung . [SEP] orang-orang di kampung memanggilnya wak pawang merbuk . [SEP] Suatu malam , setelah pulang dari memikat burung , Wak Pawang Merbuk bermimpi .",1
1,Tokoh-10,"['burung', 'burung merbuk', 'pawang burung merbuk', 'pawang merbuk', 'wak', 'wak pawang', 'wak pawang merbuk']",Protagonis,25,"suatu malam , setelah pulang dari memikat burung , wak pawang merbuk bermimpi .",1.0,1.0,Orang-orang di kampung memanggilnya Wak Pawang Merbuk .,"Dalam mimpinya , ia didatangi oleh seorang lelaki tua berjubah putih yang berkata Hai , Pawang Merbuk .","Orang-orang di kampung memanggilnya Wak Pawang Merbuk . [SEP] suatu malam , setelah pulang dari memikat burung , wak pawang merbuk bermimpi . [SEP] Dalam mimpinya , ia didatangi oleh seorang lelaki tua berjubah putih yang berkata Hai , Pawang Merbuk .",1
1,Tokoh-10,"['burung', 'burung merbuk', 'pawang burung merbuk', 'pawang merbuk', 'wak', 'wak pawang', 'wak pawang merbuk']",Protagonis,26,"dalam mimpinya , ia didatangi oleh seorang lelaki tua berjubah putih yang berkata hai , pawang merbuk .",1.0,1.0,"Suatu malam , setelah pulang dari memikat burung , Wak Pawang Merbuk bermimpi .","Di kampung ini , ada seekor burung merbuk yang sangat bertuah . ''","Suatu malam , setelah pulang dari memikat burung , Wak Pawang Merbuk bermimpi . [SEP] dalam mimpinya , ia didatangi oleh seorang lelaki tua berjubah putih yang berkata hai , pawang merbuk . [SEP] Di kampung ini , ada seekor burung merbuk yang sangat bertuah . ''",1
1,Tokoh-10,"['burung', 'burung merbuk', 'pawang burung merbuk', 'pawang merbuk', 'wak', 'wak pawang', 'wak pawang merbuk']",Protagonis,27,"di kampung ini , ada seekor burung merbuk yang sangat bertuah . ''",1.0,1.0,"Dalam mimpinya , ia didatangi oleh seorang lelaki tua berjubah putih yang berkata Hai , Pawang Merbuk .","Wak Pawang Merbuk bertanya Apakah tuah burung itu , dan siapa pemiliknya ? ''","Dalam mimpinya , ia didatangi oleh seorang lelaki tua berjubah putih yang berkata Hai , Pawang Merbuk . [SEP] di kampung ini , ada seekor burung merbuk yang sangat bertuah . '' [SEP] Wak Pawang Merbuk bertanya Apakah tuah burung itu , dan siapa pemiliknya ? ''",1
1,Tokoh-10,"['burung', 'burung merbuk', 'pawang burung merbuk', 'pawang merbuk', 'wak', 'wak pawang', 'wak pawang merbuk']",Protagonis,28,"wak pawang merbuk bertanya apakah tuah burung itu , dan siapa pemiliknya ? ''",1.0,1.0,"Di kampung ini , ada seekor burung merbuk yang sangat bertuah . ''","Orang tua itu menjawab Barang siapa yang memakan kepala burung ini , ia akan menjadi raja .","Di kampung ini , ada seekor burung merbuk yang sangat bertuah . '' [SEP] wak pawang merbuk bertanya apakah tuah burung itu , dan siapa pemiliknya ? '' [SEP] Orang tua itu menjawab Barang siapa yang memakan kepala burung ini , ia akan menjadi raja .",1
1,Tokoh-10,"['burung', 'burung merbuk', 'pawang burung merbuk', 'pawang merbuk', 'wak', 'wak pawang', 'wak pawang merbuk']",Protagonis,29,"orang tua itu menjawab barang siapa yang memakan kepala burung ini , ia akan menjadi raja .",1.0,1.0,"Wak Pawang Merbuk bertanya Apakah tuah burung itu , dan siapa pemiliknya ? ''","Dan barang siapa yang memakan hatinya , ia akan menjadi menteri .","Wak Pawang Merbuk bertanya Apakah tuah burung itu , dan siapa pemiliknya ? '' [SEP] orang tua itu menjawab barang siapa yang memakan kepala burung ini , ia akan menjadi raja . [SEP] Dan barang siapa yang memakan hatinya , ia akan menjadi menteri .",1
1,Tokoh-10,"['burung', 'burung merbuk', 'pawang burung merbuk', 'pawang merbuk', 'wak', 'wak pawang', 'wak pawang merbuk']",Protagonis,31,burung itu dimiliki oleh ahmad dan muhammad . '',1.0,1.0,"Dan barang siapa yang memakan hatinya , ia akan menjadi menteri .","Setelah berkata demikian , lelaki tua itu menghilang .","Dan barang siapa yang memakan hatinya , ia akan menjadi menteri . [SEP] burung itu dimiliki oleh ahmad dan muhammad . '' [SEP] Setelah berkata demikian , lelaki tua itu menghilang .",1
1,Tokoh-10,"['burung', 'burung merbuk', 'pawang burung merbuk', 'pawang merbuk', 'wak', 'wak pawang', 'wak pawang merbuk']",Protagonis,33,wak pawang merbuk terbangun dengan perasaan heran dan penuh harapan .,1.0,1.0,"Setelah berkata demikian , lelaki tua itu menghilang .",Ia merasa yakin bahwa mimpinya adalah petunjuk untuk mendapatkan kekuasaan .,"Setelah berkata demikian , lelaki tua itu menghilang . [SEP] wak pawang merbuk terbangun dengan perasaan heran dan penuh harapan . [SEP] Ia merasa yakin bahwa mimpinya adalah petunjuk untuk mendapatkan kekuasaan .",1
1,Tokoh-10,"['burung', 'burung merbuk', 'pawang burung merbuk', 'pawang merbuk', 'wak', 'wak pawang', 'wak pawang merbuk']",Protagonis,35,`` aku harus mendapatkan burung itu ! '',1.0,1.0,Ia merasa yakin bahwa mimpinya adalah petunjuk untuk mendapatkan kekuasaan .,pikirnya .,Ia merasa yakin bahwa mimpinya adalah petunjuk untuk mendapatkan kekuasaan . [SEP] `` aku harus mendapatkan burung itu ! '' [SEP] pikirnya .,1
1,Tokoh-10,"['burung', 'burung merbuk', 'pawang burung merbuk', 'pawang merbuk', 'wak', 'wak pawang', 'wak pawang merbuk']",Protagonis,37,"keesokan paginya , wak pawang merbuk segera berangkat mencari rumah ahmad dan muhammad .",1.0,1.0,pikirnya .,"Setelah bertanya ke sana kemari , ia akhirnya menemukan gubuk tempat mereka tinggal .","pikirnya . [SEP] keesokan paginya , wak pawang merbuk segera berangkat mencari rumah ahmad dan muhammad . [SEP] Setelah bertanya ke sana kemari , ia akhirnya menemukan gubuk tempat mereka tinggal .",1
1,Tokoh-10,"['burung', 'burung merbuk', 'pawang burung merbuk', 'pawang merbuk', 'wak', 'wak pawang', 'wak pawang merbuk']",Protagonis,39,"di sana , ia melihat kedua anak itu sedang bermain dengan burung merbuk kesayangan mereka .",1.0,1.0,"Setelah bertanya ke sana kemari , ia akhirnya menemukan gubuk tempat mereka tinggal .","Ia pun menyapa dengan ramah Assalamualaikum , anak-anak . ''","Setelah bertanya ke sana kemari , ia akhirnya menemukan gubuk tempat mereka tinggal . [SEP] di sana , ia melihat kedua anak itu sedang bermain dengan burung merbuk kesayangan mereka . [SEP] Ia pun menyapa dengan ramah Assalamualaikum , anak-anak . ''",1
1,Tokoh-10,"['burung', 'burung merbuk', 'pawang burung merbuk', 'pawang merbuk', 'wak', 'wak pawang', 'wak pawang merbuk']",Protagonis,41,"`` wa'alaikumussalam , wak jawab ahmad dan muhammad .",1.0,1.0,"Ia pun menyapa dengan ramah Assalamualaikum , anak-anak . ''",`` Burung kalian sangat jinak .,"Ia pun menyapa dengan ramah Assalamualaikum , anak-anak . '' [SEP] `` wa'alaikumussalam , wak jawab ahmad dan muhammad . [SEP] `` Burung kalian sangat jinak .",1
1,Tokoh-10,"['burung', 'burung merbuk', 'pawang burung merbuk', 'pawang merbuk', 'wak', 'wak pawang', 'wak pawang merbuk']",Protagonis,42,`` burung kalian sangat jinak .,1.0,1.0,"`` Wa'alaikumussalam , Wak jawab Ahmad dan Muhammad .",Mau tidak kalian menjualnya kepadaku ?,"`` Wa'alaikumussalam , Wak jawab Ahmad dan Muhammad . [SEP] `` burung kalian sangat jinak . [SEP] Mau tidak kalian menjualnya kepadaku ?",1
1,Tokoh-10,"['burung', 'burung merbuk', 'pawang burung merbuk', 'pawang merbuk', 'wak', 'wak pawang', 'wak pawang merbuk']",Protagonis,45,"namun , ahmad dan muhammad segera menolak maaf , wak .",1.0,1.0,"Berapa pun harganya , aku akan membayar tawarnya .",Burung ini tidak kami jual .,"Berapa pun harganya , aku akan membayar tawarnya . [SEP] namun , ahmad dan muhammad segera menolak maaf , wak . [SEP] Burung ini tidak kami jual .",1
1,Tokoh-10,"['burung', 'burung merbuk', 'pawang burung merbuk', 'pawang merbuk', 'wak', 'wak pawang', 'wak pawang merbuk']",Protagonis,46,burung ini tidak kami jual .,1.0,1.0,"Namun , Ahmad dan Muhammad segera menolak Maaf , Wak .",Burung ini sudah seperti saudara kami sendiri . '',"Namun , Ahmad dan Muhammad segera menolak Maaf , Wak . [SEP] burung ini tidak kami jual . [SEP] Burung ini sudah seperti saudara kami sendiri . ''",1
1,Tokoh-10,"['burung', 'burung merbuk', 'pawang burung merbuk', 'pawang merbuk', 'wak', 'wak pawang', 'wak pawang merbuk']",Protagonis,47,burung ini sudah seperti saudara kami sendiri . '',1.0,1.0,Burung ini tidak kami jual .,"Melihat ayah mereka pulang dari sawah , Wak Pawang Merbuk pun berbicara langsung kepada Pak Ahmad dan menyampaikan keinginannya untuk membeli burung itu .","Burung ini tidak kami jual . [SEP] burung ini sudah seperti saudara kami sendiri . '' [SEP] Melihat ayah mereka pulang dari sawah , Wak Pawang Merbuk pun berbicara langsung kepada Pak Ahmad dan menyampaikan keinginannya untuk membeli burung itu .",1
1,Tokoh-10,"['burung', 'burung merbuk', 'pawang burung merbuk', 'pawang merbuk', 'wak', 'wak pawang', 'wak pawang merbuk']",Protagonis,48,"melihat ayah mereka pulang dari sawah , wak pawang merbuk pun berbicara langsung kepada pak ahmad dan menyampaikan keinginannya untuk membeli burung itu .",1.0,1.0,Burung ini sudah seperti saudara kami sendiri . '',"Pak Ahmad hampir setuju , karena mereka sangat membutuhkan uang , tetapi ia tidak bisa langsung mengambil keputusan .","Burung ini sudah seperti saudara kami sendiri . '' [SEP] melihat ayah mereka pulang dari sawah , wak pawang merbuk pun berbicara langsung kepada pak ahmad dan menyampaikan keinginannya untuk membeli burung itu . [SEP] Pak Ahmad hampir setuju , karena mereka sangat membutuhkan uang , tetapi ia tidak bisa langsung mengambil keputusan .",1
1,Tokoh-10,"['burung', 'burung merbuk', 'pawang burung merbuk', 'pawang merbuk', 'wak', 'wak pawang', 'wak pawang merbuk']",Protagonis,50,`` bagaimana jika dua-tiga hari lagi wak pawang datang kembali ?,1.0,1.0,"Pak Ahmad hampir setuju , karena mereka sangat membutuhkan uang , tetapi ia tidak bisa langsung mengambil keputusan .",Aku akan membujuk anak-anakku lebih dulu ujarnya .,"Pak Ahmad hampir setuju , karena mereka sangat membutuhkan uang , tetapi ia tidak bisa langsung mengambil keputusan . [SEP] `` bagaimana jika dua-tiga hari lagi wak pawang datang kembali ? [SEP] Aku akan membujuk anak-anakku lebih dulu ujarnya .",1
1,Tokoh-10,"['burung', 'burung merbuk', 'pawang burung merbuk', 'pawang merbuk', 'wak', 'wak pawang', 'wak pawang merbuk']",Protagonis,52,"dengan penuh ambisi , wak pawang merbuk pulang sambil membayangkan dirinya menjadi raja .",1.0,1.0,Aku akan membujuk anak-anakku lebih dulu ujarnya .,"Beberapa hari kemudian , Ibu Ahmad dan Muhammad mengambil keputusan sendiri .","Aku akan membujuk anak-anakku lebih dulu ujarnya . [SEP] dengan penuh ambisi , wak pawang merbuk pulang sambil membayangkan dirinya menjadi raja . [SEP] Beberapa hari kemudian , Ibu Ahmad dan Muhammad mengambil keputusan sendiri .",1
1,Tokoh-10,"['burung', 'burung merbuk', 'pawang burung merbuk', 'pawang merbuk', 'wak', 'wak pawang', 'wak pawang merbuk']",Protagonis,54,"saat kedua anaknya sedang pergi ke sawah , ia menangkap burung merbuk tersebut dan menyembelihnya .",1.0,1.0,"Beberapa hari kemudian , Ibu Ahmad dan Muhammad mengambil keputusan sendiri .","Dalam hatinya , ia berpikir Kalau burung ini kujual setelah dimasak , tentu harganya lebih mahal . ''","Beberapa hari kemudian , Ibu Ahmad dan Muhammad mengambil keputusan sendiri . [SEP] saat kedua anaknya sedang pergi ke sawah , ia menangkap burung merbuk tersebut dan menyembelihnya . [SEP] Dalam hatinya , ia berpikir Kalau burung ini kujual setelah dimasak , tentu harganya lebih mahal . ''",1
1,Tokoh-10,"['burung', 'burung merbuk', 'pawang burung merbuk', 'pawang merbuk', 'wak', 'wak pawang', 'wak pawang merbuk']",Protagonis,55,"dalam hatinya , ia berpikir kalau burung ini kujual setelah dimasak , tentu harganya lebih mahal . ''",1.0,1.0,"Saat kedua anaknya sedang pergi ke sawah , ia menangkap burung merbuk tersebut dan menyembelihnya .","Setelah memanggang burung itu , ia meletakkannya di atas perapian .","Saat kedua anaknya sedang pergi ke sawah , ia menangkap burung merbuk tersebut dan menyembelihnya . [SEP] dalam hatinya , ia berpikir kalau burung ini kujual setelah dimasak , tentu harganya lebih mahal . '' [SEP] Setelah memanggang burung itu , ia meletakkannya di atas perapian .",1
1,Tokoh-10,"['burung', 'burung merbuk', 'pawang burung merbuk', 'pawang merbuk', 'wak', 'wak pawang', 'wak pawang merbuk']",Protagonis,56,"setelah memanggang burung itu , ia meletakkannya di atas perapian .",1.0,1.0,"Dalam hatinya , ia berpikir Kalau burung ini kujual setelah dimasak , tentu harganya lebih mahal . ''","Sementara itu , di sawah , Ahmad tiba-tiba merasakan firman tidak enak .","Dalam hatinya , ia berpikir Kalau burung ini kujual setelah dimasak , tentu harganya lebih mahal . '' [SEP] setelah memanggang burung itu , ia meletakkannya di atas perapian . [SEP] Sementara itu , di sawah , Ahmad tiba-tiba merasakan firman tidak enak .",1
1,Tokoh-10,"['burung', 'burung merbuk', 'pawang burung merbuk', 'pawang merbuk', 'wak', 'wak pawang', 'wak pawang merbuk']",Protagonis,61,"setibanya di rumah , mereka langsung mencari burung kesayangan mereka .",1.0,1.0,Mereka segera bergegas pulang .,"Dengan wajah yang dibuat-buat sedih , ibu mereka berkata Anak-anakku , burung kalian tadi dimakan oleh kucing .","Mereka segera bergegas pulang . [SEP] setibanya di rumah , mereka langsung mencari burung kesayangan mereka . [SEP] Dengan wajah yang dibuat-buat sedih , ibu mereka berkata Anak-anakku , burung kalian tadi dimakan oleh kucing .",1
1,Tokoh-10,"['burung', 'burung merbuk', 'pawang burung merbuk', 'pawang merbuk', 'wak', 'wak pawang', 'wak pawang merbuk']",Protagonis,62,"dengan wajah yang dibuat-buat sedih , ibu mereka berkata anak-anakku , burung kalian tadi dimakan oleh kucing .",1.0,1.0,"Setibanya di rumah , mereka langsung mencari burung kesayangan mereka .","Daripada terbuang sia-sia , ibu memotong dan memanggangnya . ''","Setibanya di rumah , mereka langsung mencari burung kesayangan mereka . [SEP] dengan wajah yang dibuat-buat sedih , ibu mereka berkata anak-anakku , burung kalian tadi dimakan oleh kucing . [SEP] Daripada terbuang sia-sia , ibu memotong dan memanggangnya . ''",1
1,Tokoh-10,"['burung', 'burung merbuk', 'pawang burung merbuk', 'pawang merbuk', 'wak', 'wak pawang', 'wak pawang merbuk']",Protagonis,65,"namun , mereka akhirnya memutuskan untuk memakan burung yang telah dipanggang itu .",1.0,1.0,Ahmad dan Muhammad hampir pingsan karena kesedihan .,"Ahmad memakan kepala burung , sementara Muhammad memakan hatinya .","Ahmad dan Muhammad hampir pingsan karena kesedihan . [SEP] namun , mereka akhirnya memutuskan untuk memakan burung yang telah dipanggang itu . [SEP] Ahmad memakan kepala burung , sementara Muhammad memakan hatinya .",1
1,Tokoh-10,"['burung', 'burung merbuk', 'pawang burung merbuk', 'pawang merbuk', 'wak', 'wak pawang', 'wak pawang merbuk']",Protagonis,66,"ahmad memakan kepala burung , sementara muhammad memakan hatinya .",1.0,1.0,"Namun , mereka akhirnya memutuskan untuk memakan burung yang telah dipanggang itu .","Tidak lama setelah itu , Pak Ahmad pulang dari sawah dan mengetahui kejadian tersebut .","Namun , mereka akhirnya memutuskan untuk memakan burung yang telah dipanggang itu . [SEP] ahmad memakan kepala burung , sementara muhammad memakan hatinya . [SEP] Tidak lama setelah itu , Pak Ahmad pulang dari sawah dan mengetahui kejadian tersebut .",1
1,Tokoh-11,['lelaki tua'],Lainnya,26,"dalam mimpinya , ia didatangi oleh seorang lelaki tua berjubah putih yang berkata hai , pawang merbuk .",0.014492753623188406,0.041420118343195256,"Suatu malam , setelah pulang dari memikat burung , Wak Pawang Merbuk bermimpi .","Di kampung ini , ada seekor burung merbuk yang sangat bertuah . ''","Suatu malam , setelah pulang dari memikat burung , Wak Pawang Merbuk bermimpi . [SEP] dalam mimpinya , ia didatangi oleh seorang lelaki tua berjubah putih yang berkata hai , pawang merbuk . [SEP] Di kampung ini , ada seekor burung merbuk yang sangat bertuah . ''",1
1,Tokoh-11,['lelaki tua'],Lainnya,32,"setelah berkata demikian , lelaki tua itu menghilang .",0.014492753623188406,0.041420118343195256,Burung itu dimiliki oleh Ahmad dan Muhammad . '',Wak Pawang Merbuk terbangun dengan perasaan heran dan penuh harapan .,"Burung itu dimiliki oleh Ahmad dan Muhammad . '' [SEP] setelah berkata demikian , lelaki tua itu menghilang . [SEP] Wak Pawang Merbuk terbangun dengan perasaan heran dan penuh harapan .",1
1,Tokoh-12,['hai'],Lainnya,26,"dalam mimpinya , ia didatangi oleh seorang lelaki tua berjubah putih yang berkata hai , pawang merbuk .",0.0,0.014792899408284023,"Suatu malam , setelah pulang dari memikat burung , Wak Pawang Merbuk bermimpi .","Di kampung ini , ada seekor burung merbuk yang sangat bertuah . ''","Suatu malam , setelah pulang dari memikat burung , Wak Pawang Merbuk bermimpi . [SEP] dalam mimpinya , ia didatangi oleh seorang lelaki tua berjubah putih yang berkata hai , pawang merbuk . [SEP] Di kampung ini , ada seekor burung merbuk yang sangat bertuah . ''",1
1,Tokoh-13,['firman'],Lainnya,57,"sementara itu , di sawah , ahmad tiba-tiba merasakan firman tidak enak .",0.0,0.0,"Setelah memanggang burung itu , ia meletakkannya di atas perapian .","`` Muhammad , aku merasa ada sesuatu yang buruk terjadi di rumah katanya .","Setelah memanggang burung itu , ia meletakkannya di atas perapian . [SEP] sementara itu , di sawah , ahmad tiba-tiba merasakan firman tidak enak . [SEP] `` Muhammad , aku merasa ada sesuatu yang buruk terjadi di rumah katanya .",1
1,Tokoh-14,['gajah putih kerajaan'],Lainnya,71,ahmad akhirnya terpilih menjadi raja setelah gajah putih kerajaan menemukannya tertidur di bawah pohon .,0.0,0.005917159763313605,"Dalam perjalanan mereka di hutan , mereka berpisah tanpa sengaja .","Sementara itu , Muhammad menemukan ranting ajaib yang bisa memenuhi keinginannya .","Dalam perjalanan mereka di hutan , mereka berpisah tanpa sengaja . [SEP] ahmad akhirnya terpilih menjadi raja setelah gajah putih kerajaan menemukannya tertidur di bawah pohon . [SEP] Sementara itu , Muhammad menemukan ranting ajaib yang bisa memenuhi keinginannya .",1
